#;Empresa;Ticker;Índice;Sector;2022 ROE;2022 ROI;2022 FCA;2022 FCN;2022 EVA;2022 M.EBITA;2022 M.EBIT;2023 ROE;2023 ROI;2023 FCA;2023 FCN;2023 EVA;2023 M.EBITA;2023 M.EBIT;2024 ROE;2024 ROI;2024 FCA;2024 FCN;2024 EVA;2024 M.EBITA;2024 M.EBIT;2025 ROE;2025 ROI;2025 FCA;2025 FCN;2025 EVA;2025 M.EBITA;2025 M.EBIT;2026 ROE;2026 ROI;2026 FCA;2026 FCN;2026 EVA;2026 M.EBITA;2026 M.EBIT
1;ACS;ACS.MC;IBEX 35;Construcción;12,05;1,78;1081180000,0;1458163000,0;-310593422,0;6,0;4,16;14,64;2,14;1234852000,0;1006805000,0;53006777,0;6,32;4,78;17,55;1,97;3294669000,0;2132023000,0;50787197,0;6,19;4,11;19,74;2,1;3237331000,0;2303003000,0;169563750,0;6,8;4,85;19,74;2,1;3237331000,0;2303003000,0;169563750,0;6,8;4,85
2;Acerinox;ACX.MC;IBEX 35;Acero;22,48;8,8;532875000,0;407366000,0;263795797,0;12,51;10,29;9,47;3,74;454716000,0;306573000,0;-57043267,0;9,5;6,91;8,9;3,48;288944000,0;88888000,0;-84640570,0;11,26;8,31;-1,94;-0,71;-79677000,0;145686000,0;-175095960,0;6,55;3,17;-1,94;-0,71;-79677000,0;145686000,0;-175095960,0;6,55;3,17
3;Amadeus IT;AMS.MC;IBEX 35;Tecnología;14,49;5,67;375200000,0;874100000,0;33320906,0;36,46;21,36;24,93;10,35;94000000,0;1194400000,0;530316159,0;39,22;26,72;24,75;10,63;1418800000,0;1357900000,0;636749831,0;38,32;26,91;27,52;11,64;1984100000,0;1386300000,0;721382156,0;38,89;27,62;27,52;11,64;1984100000,0;1386300000,0;721382156,0;38,89;27,62
4;Acciona;ANA.MC;IBEX 35;Construcción;9,03;1,95;288000000,0;-547000000,0;-384798527,0;17,63;10,06;10,8;1,71;1842000000,0;-1199000000,0;-540501978,0;14,25;7,83;8,77;1,22;1259000000,0;-492000000,0;-497420392,0;13,35;7,42;17,06;2,24;877000000,0;379000000,0;-126734885,0;17,03;10,25;17,06;2,24;877000000,0;379000000,0;-126734885,0;17,03;10,25
5;Acciona Energía;ANE.MC;IBEX 35;Energía;12,93;6,19;232000000,0;212000000,0;74851580,0;36,8;26,36;8,96;3,57;368000000,0;-1543000000,0;-333063557,0;39,67;25,51;6,11;2,2;-453000000,0;-949000000,0;-531240747,0;35,17;21,23;11,22;4,45;-1249000000,0;-596000000,0;-192942041,0;50,74;30,56;11,22;4,45;-1249000000,0;-596000000,0;-192942041,0;50,74;30,56
6;BBVA;BBVA.MC;IBEX 35;Banca;13,56;0,89;19018000000,0;21276000000,0;;;;15,51;1,03;503000000,0;-2540000000,0;;;;18,07;1,3;-17286000000,0;-20201000000,0;;;;18,33;1,22;15502000000,0;13162000000,0;;;;18,33;1,22;15502000000,0;13162000000,0;;;
7;Bankinter;BKT.MC;IBEX 35;Banca;11,42;0,52;-8607226000,0;-8107226000,0;;;;15,87;0,75;868037000,0;568037000,0;;;;16,21;0,78;1990342000,0;1790342000,0;;;;17,0;0,83;33381000,0;-766619000,0;;;;17,0;0,83;33381000,0;-766619000,0;;;
8;CaixaBank;CABK.MC;IBEX 35;Banca;9,29;0,52;-81801000000,0;-80791000000,0;;;;13,26;0,79;15761000000,0;14943000000,0;;;;15,71;0,92;15841000000,0;16091000000,0;;;;15,3;0,89;4934000000,0;3439000000,0;;;;15,3;0,89;4934000000,0;3439000000,0;;;
9;Cellnex Telecom;CLNX.MC;IBEX 35;Telecomunicaciones;-2,09;-0,68;1404305000,0;-739374000,0;-3251815503,0;75,75;4,29;-2,13;-0,67;561320000,0;-126003000,0;-3057466456,0;77,31;8,46;-0,2;-0,06;-305219000,0;276237000,0;-3122410370,0;66,92;2,84;-2,98;-0,86;1035710000,0;525822000,0;-2726856476,0;72,52;7,65;-2,98;-0,86;1035710000,0;525822000,0;-2726856476,0;72,52;7,65
10;Colonial;COL.MC;IBEX 35;Inmobiliario;0,13;0,06;829606000,0;249205000,0;-918319010,0;37,58;35,09;-20,65;-8,61;42124000,0;255624000,0;-1966659713,0;-284,28;-286,55;5,41;2,51;88598000,0;358173000,0;-446984158,0;94,53;93,07;5,86;2,77;397429000,0;282429000,0;-488913824,0;115,96;114,44;5,86;2,77;397429000,0;282429000,0;-488913824,0;115,96;114,44
11;Enagás;ENG.MC;IBEX 35;Energía;11,73;4,0;-396254000,0;635245000,0;-166464596,0;92,53;64,94;11,48;4,03;-189097000,0;411872000,0;-153241205,0;89,34;59,22;-12,6;-3,99;-174527000,0;357100000,0;-686197652,0;8,91;-22,8;14,74;4,97;-392018000,0;94420000,0;-42650501,0;79,42;49,87;14,74;4,97;-392018000,0;94420000,0;-42650501,0;79,42;49,87
12;Endesa;ELE.MC;IBEX 35;Utilities;45,73;5,08;3441000000,0;-460000000,0;424619558,0;16,54;11,46;10,57;1,8;4534000000,0;2413000000,0;-1023332958,0;13,26;6,21;23,28;5,06;2499000000,0;1721000000,0;-42855156,0;23,65;14,56;25,79;5,86;2190000000,0;2207000000,0;215883087,0;25,28;15,48;25,79;5,86;2190000000,0;2207000000,0;215883087,0;25,28;15,48
13;Ferrovial;FER.MC;IBEX 35;Infraestructuras;4,57;0,71;1377000000,0;907000000,0;-1121388192,0;12,24;8,28;9,05;1,3;1307000000,0;1177000000,0;-769480984,0;17,36;12,65;53,32;11,17;456000000,0;1067000000,0;2118058923,0;49,62;44,8;15,03;3,24;1719000000,0;1739000000,0;-253040748,0;20,75;15,66;15,03;3,24;1719000000,0;1739000000,0;-253040748,0;20,75;15,66
14;Fluidra;FDR.MC;IBEX 35;Industria;9,58;4,24;259324000,0;41907000,0;-53026840,0;17,96;11,5;7,26;3,25;245694000,0;364800000,0;-76264132,0;18,38;10,83;8,38;3,8;237494000,0;237494000,0;-61192191,0;19,54;12,01;11,06;5,16;271502000,0;271502000,0;-14771858,0;20,79;13,52;11,06;5,16;271502000,0;271502000,0;-14771858,0;20,79;13,52
15;Grifols;GRF.MC;IBEX 35;Salud;3,28;0,87;-394299000,0;-394299000,0;-962890509,0;19,68;12,91;0,78;0,2;-93000000,0;-93000000,0;-922041538,0;17,72;10,95;2,67;0,73;530000000,0;530000000,0;-755420000,0;20,58;14,5;7,63;2,04;624000000,0;624000000,0;-447147317,0;21,81;15,83;7,63;2,04;624000000,0;624000000,0;-447147317,0;21,81;15,83
16;IAG;IAG.MC;IBEX 35;Aerolíneas;21,38;1,1;1365000000,0;979000000,0;-471104578,0;15,18;6,04;81,14;7,05;-1947000000,0;1320000000,0;2008317081,0;21,1;14,09;44,28;6,24;4620000000,0;3556000000,0;1468186158,0;21,27;13,91;44,04;7,8;1984000000,0;3146000000,0;2004747081,0;23,94;16,03;44,04;7,8;1984000000,0;3146000000,0;2004747081,0;23,94;16,03
17;Iberdrola;IBE.MC;IBEX 35;Utilities;10,55;2,89;8210000000,0;3656000000,0;-3185499523,0;24,99;14,81;11,14;3,2;6718000000,0;4253000000,0;-2745514875,0;30,21;18,44;11,91;3,55;9473000000,0;3550000000,0;-4270072925,0;35,34;18,1;12,55;3,91;5777000000,0;3317000000,0;-2442967944,0;38,03;23,3;12,55;3,91;5777000000,0;3317000000,0;-2442967944,0;38,03;23,3
18;Inditex;ITX.MC;IBEX 35;Consumo;;;;;;;;24,28;13,77;5259000000,0;5259000000,0;2510773527,0;25,42;16,89;28,86;16,44;6798000000,0;6795000000,0;3703975866,0;27,92;19,87;29,81;16,9;6616236000,0;6616236000,0;4187666344,0;28,74;20,52;30,5;17,45;6520075000,0;6520075000,0;4469993850,0;29,25;21,05
19;Indra;IDR.MC;IBEX 35;Tecnología;17,42;3,79;-204447000,0;296142000,0;10577932,0;10,1;7,5;18,41;4,36;31762000,0;316814000,0;50142399,0;10,48;8,2;21,4;5,6;154090000,0;339895000,0;118312910,0;11,26;9,05;25,13;4,77;1296200000,0;378457000,0;45643185,0;14,09;11,91;25,13;4,77;1296200000,0;378457000,0;45643185,0;14,09;11,91
20;Logista;LOG.MC;IBEX 35;Distribución;35,38;2,58;606198000,0;606198000,0;137523614,0;3,58;2,51;46,09;3,38;265844000,0;263454000,0;192472854,0;4,3;3,03;48,05;3,81;350223000,0;350223000,0;227137914,0;4,57;3,29;;;;;;;;;;350223000,0;350223000,0;;4,57;3,29
21;Mapfre;MAP.MC;IBEX 35;Seguros;7,23;1,08;847200000,0;347200000,0;;;;8,0;1,23;1398800000,0;1398800000,0;;;;10,88;1,71;1211600000,0;1211600000,0;;;;12,04;1,94;1423800000,0;1423800000,0;;;;12,04;1,94;1423800000,0;1423800000,0;;;
22;Meliá Hotels;MEL.MC;IBEX 35;Hoteles;26,79;2,55;338443000,0;380795000,0;-100040605,0;28,33;14,21;22,95;2,65;243172000,0;274995000,0;-49447124,0;26,8;13,35;18,55;3,07;-55181000,0;338212000,0;-66987958,0;28,24;16,22;20,16;3,65;415028000,0;342776000,0;-39425003,0;29,33;16,81;20,16;3,65;415028000,0;342776000,0;-39425003,0;29,33;16,81
23;Merlin Properties;MRL.MC;IBEX 35;Inmobiliario;3,84;2,18;-1097850000,0;220440000,0;-757938019,0;34,95;34,52;-1,28;-0,69;503174000,0;225958000,0;-917450559,0;7,87;7,43;3,78;2,11;674560000,0;297304000,0;-600907923,0;87,05;86,17;9,74;5,51;452220000,0;405028000,0;-129894226,0;177,05;176,11;9,74;5,51;452220000,0;405028000,0;-129894226,0;177,05;176,11
24;Naturgy;NTGY.MC;IBEX 35;Energía;21,77;4,08;1852000000,0;2555000000,0;-177936167,0;13,28;9,21;21,02;5,24;1954000000,0;2433000000,0;330044024,0;22,96;16,53;20,06;4,66;1795000000,0;1795000000,0;296496492,0;28,4;20,39;21,65;5,17;2376000000,0;2376000000,0;434947943,0;28,49;20,26;21,65;5,17;2376000000,0;2376000000,0;434947943,0;28,49;20,26
25;PharmaMar;PHM.MC;IBEX 35;Salud;22,14;12,55;20811000,0;29469000,0;16622875,0;26,52;23,51;0,59;0,33;-30893000,0;-29402000,0;-20475810,0;2,88;-0,76;12,54;7,47;-575000,0;-9483000,0;-10515500,0;12,14;8,27;29,78;18,98;42288000,0;43751000,0;22046604,0;31,68;28,05;29,78;18,98;42288000,0;43751000,0;22046604,0;31,68;28,05
26;Puig Brands;PUIG.MC;IBEX 35;Consumo;42,28;5,61;1096828000,0;268147000,0;-34622495,0;19,11;15,1;48,97;6,03;633028000,0;378555000,0;61192648,0;20,37;16,32;15,05;6,17;-97093000,0;548773000,0;58715043,0;20,46;16,06;15,23;6,95;220859000,0;660560000,0;160015937,0;22,16;17,48;15,23;6,95;220859000,0;660560000,0;160015937,0;22,16;17,48
27;Red Eléctrica;RDEIF;IBEX 35;Utilities;13,88;4,5;-379503000,0;-379503000,0;-177849220,0;75,98;48,93;12,75;4,76;-494829000,0;-494829000,0;-207677071,0;79,33;55,21;7,15;2,44;-122997000,0;-122997000,0;-327638725,0;80,35;51,39;9,63;3,3;-393868000,0;-393868000,0;-407742522,0;78,67;50,12;9,63;3,3;-393868000,0;-393868000,0;-407742522,0;78,67;50,12
28;Repsol;REP.MC;IBEX 35;Energía;16,81;7,09;3149000000,0;4297000000,0;1152458579,0;13,22;10,11;12,09;5,14;212000000,0;2222000000,0;-90243299,0;12,3;8,17;6,63;2,78;-141000000,0;-141000000,0;-1818872597,0;9,81;4,68;7,55;3,2;1619000000,0;1619000000,0;-1191976315,0;10,44;6,0;7,55;3,2;1619000000,0;1619000000,0;-1191976315,0;10,44;6,0
29;Sabadell;SAB.MC;IBEX 35;Banca;6,81;0,35;-7811497000,0;-7061497000,0;;;;9,62;0,57;-10955808000,0;-11055808000,0;;;;12,18;0,76;-11115919000,0;-11615919000,0;;;;12,64;0,72;1267184000,0;1067184000,0;;;;12,64;0,72;1267184000,0;1067184000,0;;;
30;Sacyr;SCYR.MC;IBEX 35;Construcción;20,63;0,63;1338193000,0;120681000,0;-334907563,0;24,34;21,26;19,25;0,89;722764000,0;624311000,0;76655570,0;31,06;27,63;11,26;0,63;1187361000,0;961336000,0;-343118806,0;29,35;25,79;8,25;0,49;1440272000,0;1103552000,0;-164170080,0;27,93;23,98;8,25;0,49;1440272000,0;1103552000,0;-164170080,0;27,93;23,98
31;Santander;SAN.MC;IBEX 35;Banca;10,78;0,55;14694000000,0;16866000000,0;;;;11,61;0,62;-4552000000,0;-8628000000,0;;;;12,75;0,68;-31848000000,0;-34753000000,0;;;;13,67;0,76;-29029000000,0;-22494000000,0;;;;13,67;0,76;-29029000000,0;-22494000000,0;;;
32;Solaria;SLR.MC;IBEX 35;Energía;26,23;6,31;1966000,0;-212816000,0;9752058,0;105,85;87,91;20,56;6,52;-67914000,0;-230526000,0;19134726,0;105,22;88,77;14,43;4,5;-14615000,0;-72066000,0;-17317413,0;114,13;89,45;19,51;5,62;76376000,0;-260098000,0;12457041,0;135,09;110,57;19,51;5,62;76376000,0;-260098000,0;12457041,0;135,09;110,57
33;Telefónica;TEF.MC;IBEX 35;Telecomunicaciones;8,02;1,83;1380000000,0;5413000000,0;-2230518784,0;14,98;14,98;-4,08;-0,86;4787000000,0;5488000000,0;-5318250000,0;3,79;3,79;-0,25;-0,05;7428000000,0;6143000000,0;-2187491757,0;13,96;13,96;-30,28;-4,69;3197000000,0;4667000000,0;-4602003706,0;2,97;2,97;-30,28;-4,69;3197000000,0;4667000000,0;-4602003706,0;2,97;2,97
34;Unicaja Banco;UNI.MC;IBEX 35;Banca;4,3;0,28;-17447461000,0;-17411149000,0;;;;4,01;0,27;2747272000,0;2765272000,0;;;;8,51;0,59;-406547000,0;-406547000,0;;;;8,94;0,64;-1529603000,0;-1529603000,0;;;;8,94;0,64;-1529603000,0;-1529603000,0;;;
35;Viscofan;VIS.MC;IBEX 35;Alimentación;15,37;10,35;64065000,0;5163000,0;58860678,0;21,94;15,43;14,72;10,01;106992000,0;68584000,0;61264456,0;21,17;14,34;16,75;11,16;172833000,0;160795000,0;80400149,0;24,97;18,01;17,24;11,09;179437000,0;114922000,0;83524160,0;21,67;14,87;17,24;11,09;179437000,0;114922000,0;83524160,0;21,67;14,87
36;Adidas;ADS.DE;DAX 40;Consumo;12,26;3,02;-180000000,0;-1174000000,0;-539434433,0;8,44;2,33;-1,64;-0,42;1549000000,0;2046000000,0;-629410000,0;6,17;1,05;13,95;3,7;1873000000,0;2370000000,0;101487814,0;10,61;5,67;23,2;6,61;438000000,0;274000000,0;656063297,0;12,77;8,25;23,2;6,61;438000000,0;274000000,0;656063297,0;12,77;8,25
37;Airbus;AIR.DE;DAX 40;Aeroespacial;32,8;3,66;3824000000,0;3824000000,0;-596150148,0;13,96;9,34;21,41;3,19;3204000000,0;3204000000,0;-1023933512,0;11,87;8,44;21,59;3,28;3733000000,0;3733000000,0;-732665438,0;13,26;9,14;20,0;3,87;4031000000,0;4031000000,0;-152791181,0;13,96;9,7;20,0;3,87;4031000000,0;4031000000,0;-152791181,0;13,96;9,7
38;Allianz;ALV.DE;DAX 40;Seguros;11,8;0,69;18702000000,0;16334000000,0;;16,61;13,88;14,67;0,87;23572000000,0;22322000000,0;;12,1;10,21;16,47;0,95;33107000000,0;29988000000,0;;12,1;10,56;17,18;1,05;32838000000,0;30944000000,0;;13,38;11,8;17,18;1,05;32838000000,0;30944000000,0;;13,38;11,8
39;BASF;BAS.DE;DAX 40;Química;-1,58;-0,74;3334000000,0;3334000000,0;-3689310000,0;7,0;2,19;0,64;0,29;2716000000,0;2716000000,0;-3128670000,0;10,64;3,47;3,65;1,61;748000000,0;748000000,0;-3065063342,0;12,28;4,71;4,88;2,13;1343000000,0;1343000000,0;-2623026105,0;12,73;5,75;4,88;2,13;1343000000,0;1343000000,0;-2623026105,0;12,73;5,75
40;Bayer;BAYN.DE;DAX 40;Salud;10,7;3,32;3170000000,0;4144000000,0;-1360852848,0;25,68;12,86;-8,93;-2,53;5619000000,0;2366000000,0;-6624660000,0;21,93;0,89;-8,0;-2,3;-428000000,0;4590000000,0;-6530019949,0;18,9;0,05;-13,95;-3,46;1398000000,0;3443000000,0;-6491805024,0;4,22;-1,9;-13,95;-3,46;1398000000,0;3443000000,0;-6491805024,0;4,22;-1,9
41;Beiersdorf;BEI.DE;DAX 40;Consumo;9,7;6,11;253000000,0;249000000,0;95295474,0;15,9;12,64;8,84;5,83;240000000,0;424000000,0;36623529,0;16,72;11,97;10,76;7,01;641000000,0;794000000,0;221291704,0;17,64;14,02;10,92;7,36;315000000,0;322000000,0;239167537,0;17,36;14,03;10,92;7,36;315000000,0;322000000,0;239167537,0;17,36;14,03
42;BMW;BMW.DE;DAX 40;Automoción;20,59;7,27;4421000000,0;14473000000,0;5763396759,0;22,65;16,65;12,6;4,5;4864000000,0;6661000000,0;-479330108,0;17,19;11,42;7,9;2,72;3204000000,0;-4639000000,0;-6324428789,0;14,18;8,11;7,62;2,74;4744000000,0;-2735000000,0;-6879348363,0;14,6;8,09;7,62;2,74;4744000000,0;-2735000000,0;-6879348363,0;14,6;8,09
43;Brenntag;BNR.DE;DAX 40;Química;18,66;7,8;928700000,0;689500000,0;325586752,0;8,97;6,88;16,61;6,92;747900000,0;1342800000,0;218666680,0;8,96;6,65;11,34;4,6;1373700000,0;564400000,0;-5028331,0;8,2;5,47;6,13;2,49;640500000,0;673700000,0;-179604000,0;8,05;4,16;6,13;2,49;640500000,0;673700000,0;-179604000,0;8,05;4,16
44;Commerzbank;CBK.DE;DAX 40;Banca;4,78;0,3;25184000000,0;25184000000,0;;;;6,95;0,43;19284000000,0;19284000000,0;;;;7,77;0,48;-21442000000,0;-21442000000,0;;;;7,76;0,44;-7874000000,0;-7874000000,0;;;;7,76;0,44;-7874000000,0;-7874000000,0;;;
45;Continental;CON.DE;DAX 40;Automoción;0,5;0,18;1573600000,0;126400000,0;-1091117000,0;10,17;2,02;8,45;3,06;734000000,0;1186000000,0;-304843857,0;10,16;4,92;8,14;3,16;1489000000,0;1878000000,0;-176261139,0;16,09;10,56;-4,19;-0,93;1630000000,0;1118000000,0;-590180000,0;9,7;1,64;-4,19;-0,93;1630000000,0;1118000000,0;-590180000,0;9,7;1,64
46;Covestro;1COV.DE;DAX 40;Química;-3,84;-1,86;1133000000,0;138000000,0;-700400000,0;9,16;1,65;-3,0;-1,45;-185000000,0;232000000,0;-645620000,0;7,9;1,68;-4,0;-1,95;-325000000,0;89000000,0;-705400000,0;7,87;0,93;-9,2;-4,78;-353000000,0;-283000000,0;-1000184959,0;5,81;-2,59;-9,2;-4,78;-353000000,0;-283000000,0;-1000184959,0;5,81;-2,59
47;Daimler Truck;DTG.DE;DAX 40;Automoción;13,29;4,17;3403000000,0;-1655000000,0;-480090067,0;9,45;7,25;17,47;5,3;3024000000,0;-920000000,0;375539478,0;12,22;10,19;13,06;3,93;1786000000,0;-321000000,0;-847395848,0;10,11;7,81;9,14;2,72;5415000000,0;2861000000,0;-1915074952,0;9,23;6,87;9,14;2,72;5415000000,0;2861000000,0;-1915074952,0;9,23;6,87
48;Deutsche Bank;DBK.DE;DAX 40;Banca;7,83;0,41;-431000000,0;-2450000000,0;;;;6,53;0,36;4611000000,0;5184000000,0;;;;4,33;0,24;-29797000000,0;-29112000000,0;;;;8,81;0,48;43451000000,0;46621000000,0;;;;8,81;0,48;43451000000,0;46621000000,0;;;
49;Deutsche Börse;DB1.DE;DAX 40;Finanzas;17,64;0,56;1896700000,0;2158400000,0;-234263567,0;48,72;41,92;17,84;0,73;5211400000,0;2281200000,0;-224395682,0;48,95;42,08;18,09;0,88;1828000000,0;2050000000,0;116720000,0;48,75;41,69;17,64;0,67;1847000000,0;2430000000,0;124995870,0;48,1;41,31;17,64;0,67;1847000000,0;2430000000,0;124995870,0;48,1;41,31
50;Deutsche Post (DHL);DHL.DE;DAX 40;Logística;23,06;7,83;7053000000,0;7053000000,0;2473873397,0;13,42;9,04;16,35;5,5;5877000000,0;5877000000,0;816613764,0;13,22;7,78;14,0;4,77;5786000000,0;5786000000,0;399800111,0;12,84;7,24;15,75;4,93;6324000000,0;6324000000,0;519392406,0;13,53;7,67;15,75;4,93;6324000000,0;6324000000,0;519392406,0;13,53;7,67
51;Deutsche Telekom;DTE.DE;DAX 40;Telecomunicaciones;16,48;2,68;711000000,0;11705000000,0;-6539195605,0;39,15;14,66;31,25;6,13;17705000000,0;19432000000,0;-7104972727,0;38,69;17,15;17,71;3,68;20703000000,0;20703000000,0;1272111147,0;46,58;25,81;15,46;3,32;21371000000,0;21371000000,0;-296114176,0;42,24;22,01;15,46;3,32;21371000000,0;21371000000,0;-296114176,0;42,24;22,01
52;E.ON;EOAN.DE;DAX 40;Utilities;11,5;1,37;3920000000,0;5469000000,0;-3206441542,0;6,05;3,13;3,66;0,46;-356000000,0;-356000000,0;-4206940000,0;6,4;2,65;25,4;4,07;-1298000000,0;-1298000000,0;643024100,0;17,26;11,77;9,0;1,57;-937000000,0;-937000000,0;-2657900359,0;11,79;6,62;9,0;1,57;-937000000,0;-937000000,0;-2657900359,0;11,79;6,62
53;Fresenius;FRE.DE;DAX 40;Salud;6,72;1,8;3544000000,0;3005000000,0;-3533371271,0;14,39;9,02;-3,13;-1,31;4056000000,0;3170000000,0;-1907320000,0;12,78;6,13;2,41;1,08;-609000000,0;1387000000,0;-1233215791,0;15,82;10,18;6,62;3,05;-483000000,0;1077000000,0;-708328373,0;16,41;11,51;6,62;3,05;-483000000,0;1077000000,0;-708328373,0;16,41;11,51
54;Hannover Rück;HNR1.DE;DAX 40;Seguros;8,62;1,24;5803627000,0;4947100000,0;;6,49;6,87;18,02;2,78;5785500000,0;5785500000,0;;9,15;9,15;19,74;3,23;5681900000,0;5681900000,0;;14,07;14,07;20,43;3,7;5686900000,0;5686900000,0;;14,77;14,77;20,43;3,7;5686900000,0;5686900000,0;;14,77;14,77
55;Heidelberg Materials;HEI.DE;DAX 40;Materiales;9,65;4,8;-306800000,0;1085000000,0;-318543639,0;17,87;11,23;11,19;5,44;2642500000,0;1875400000,0;111575377,0;20,31;14,49;9,48;4,78;1368100000,0;1821600000,0;-323159644,0;20,81;13,51;10,69;5,37;1533100000,0;1840200000,0;52688130,0;21,48;14,96;10,69;5,37;1533100000,0;1840200000,0;52688130,0;21,48;14,96
56;Henkel;HEN3.DE;DAX 40;Consumo;6,27;3,8;550000000,0;654000000,0;-609171273,0;11,81;7,9;6,62;4,15;2061000000,0;2647000000,0;-495541716,0;13,59;9,32;9,24;5,69;3717000000,0;2494000000,0;35624414,0;17,04;13,21;9,93;6,26;1463000000,0;1842000000,0;217320704,0;17,19;13,88;9,93;6,26;1463000000,0;1842000000,0;217320704,0;17,19;13,88
57;Infineon;IFX.DE;DAX 40;Semiconductores;14,58;8,1;277000000,0;1670000000,0;594076328,0;31,85;20,15;18,41;11,03;213000000,0;966000000,0;1443888651,0;35,77;25,01;7,56;4,54;238000000,0;61000000,0;30059537,0;27,95;15,48;5,95;3,33;2628000000,0;1123000000,0;-808349091,0;23,96;10,89;5,95;3,33;2628000000,0;1123000000,0;-808349091,0;23,96;10,89
58;Mercedes-Benz;MBG.DE;DAX 40;Automoción;16,98;5,58;-3521000000,0;9995000000,0;1391478288,0;18,17;13,82;15,54;5,42;6072000000,0;6257000000,0;652386276,0;18,01;13,63;11,02;3,85;9070000000,0;9070000000,0;-4374556220,0;14,77;10,12;5,51;2,01;8264000000,0;8264000000,0;-8867198689,0;10,52;5,05;5,51;2,01;8264000000,0;8264000000,0;-8867198689,0;10,52;5,05
59;Merck KGaA;MRK.DE;DAX 40;Salud;12,83;6,85;1865000000,0;2453000000,0;400353590,0;29,47;20,34;10,58;5,82;1193000000,0;1761000000,0;-88568060,0;27,08;18,13;9,28;5,38;2455000000,0;2402000000,0;-209096968,0;28,18;18,09;9,12;5,06;3651000000,0;1974000000,0;-478663966,0;28,4;17,51;9,12;5,06;3651000000,0;1974000000,0;-478663966,0;28,4;17,51
60;MTU Aero Engines;MTX.DE;DAX 40;Aeroespacial;10,91;3,59;347000000,0;347000000,0;-70794989,0;16,21;9,53;-3,56;-1,0;371000000,0;365000000,0;-517280000,0;3,65;-2,54;18,82;5,07;1119000000,0;74000000,0;195345251,0;19,88;13,36;23,55;7,99;-167000000,0;333000000,0;514926314,0;21,58;16,83;23,55;7,99;-167000000,0;333000000,0;514926314,0;21,58;16,83
61;Munich Re;MUV2.DE;DAX 40;Seguros;19,61;1,97;3166000000,0;3623000000,0;;33,16;25,92;15,53;1,68;2063000000,0;2197000000,0;;19,46;18,66;17,39;1,99;4173000000,0;2827000000,0;;13,17;12,59;18,4;2,19;5649000000,0;4606000000,0;;15,01;14,44;18,4;2,19;5649000000,0;4606000000,0;;15,01;14,44
62;Porsche AG;P911.DE;DAX 40;Automoción;29,13;10,41;3027000000,0;3453000000,0;2555612733,0;27,57;19,09;23,8;10,22;4026000000,0;2926000000,0;2335262780,0;27,36;18,65;15,59;6,71;6780000000,0;6353000000,0;613653828,0;23,8;13,6;1,87;0,82;3614000000,0;3614000000,0;-2659789663,0;16,72;1,69;1,87;0,82;3614000000,0;3614000000,0;-2659789663,0;16,72;1,69
63;Porsche SE;PAH3.DE;DAX 40;Holding;10,53;9,23;7861000000,0;791000000,0;911685151,0;99,41;99,39;9,21;8,17;6370000000,0;1659000000,0;432943647,0;100,33;100,31;-57,02;-46,72;3022000000,0;1431000000,0;-23074656179,0;99,63;99,64;7,01;5,89;2200000000,0;700000000,0;-631707680,0;107,84;107,8;7,01;5,89;2200000000,0;700000000,0;-631707680,0;107,84;107,8
64;Qiagen;QIA.DE;DAX 40;Salud;12,21;6,73;457377000,0;565928000,0;46334446,0;36,39;26,66;8,96;5,58;-140109000,0;296653000,0;-19156914,0;35,04;24,59;2,34;1,47;394984000,0;502309000,0;-257966146,0;18,62;8,34;11,25;6,76;655351000,0;447200000,0;-7826841,0;34,32;25,05;11,25;6,76;655351000,0;447200000,0;-7826841,0;34,32;25,05
65;Rheinmetall;RHM.DE;DAX 40;Defensa;16,81;5,85;-158000000,0;-175000000,0;204364011,0;15,6;11,7;16,13;4,57;1267000000,0;345000000,0;215963681,0;17,2;12,9;17,7;5,0;1008000000,0;988000000,0;318464658,0;21,85;16,64;13,89;4,15;901000000,0;1415000000,0;646698626,0;22,03;16,99;13,89;4,15;901000000,0;1415000000,0;646698626,0;22,03;16,99
66;RWE;RWE.DE;DAX 40;Utilities;9,85;1,96;5101000000,0;-2078000000,0;-3551040000,0;3,73;4,02;4,73;1,42;-1499000000,0;-923000000,0;-1658520000,0;33,1;19,7;16,28;5,22;-1087000000,0;-2757000000,0;540191159,0;43,93;30,74;9,11;3,08;-1287000000,0;-5060000000,0;-2357425420,0;39,09;23,43;9,11;3,08;-1287000000,0;-5060000000,0;-2357425420,0;39,09;23,43
67;SAP;SAP.DE;DAX 40;Tecnología;5,68;3,17;3073000000,0;4770000000,0;-1039002269,0;21,95;16,64;14,22;8,98;1061000000,0;5461000000,0;-264494140,0;23,56;19,16;6,88;4,21;5682000000,0;4410000000,0;-902041058,0;19,28;15,53;16,06;10,18;4929000000,0;8417000000,0;3441283194,0;32,81;29,24;16,06;10,18;4929000000,0;8417000000,0;3441283194,0;32,81;29,24
68;Sartorius;SRT.DE;DAX 40;Salud;34,08;9,72;616400000,0;211600000,0;526347052,0;36,03;29,15;9,94;2,11;2788000000,0;293900000,0;-273749542,0;25,71;15,66;3,04;0,83;-268700000,0;566300000,0;-419857974,0;23,27;10,97;5,72;1,59;55400000,0;395100000,0;-270266938,0;26,32;14,45;5,72;1,59;55400000,0;395100000,0;-270266938,0;26,32;14,45
69;Siemens;SIE.DE;DAX 40;Industrial;7,61;2,46;6463000000,0;8157000000,0;-3867265043,0;15,84;10,9;16,64;5,48;7317000000,0;10093000000,0;1562442689,0;21,42;16,69;16,19;5,62;10220000000,0;9577000000,0;2011219218,0;21,3;17,14;15,46;5,79;16301000000,0;10812000000,0;74990545,0;20,1;15,8;15,46;5,79;16301000000,0;10812000000,0;74990545,0;20,1;15,8
70;Siemens Energy;ENR.DE;DAX 40;Energía;-2,73;-0,91;1932000000,0;1061000000,0;-2226488358,0;4,06;-1,57;-53,3;-9,46;1357000000,0;394000000,0;-3303202149,0;-5,09;-9,96;13,05;2,33;1375000000,0;1375000000,0;186020154,0;10,63;6,25;13,73;2,5;3889000000,0;4097000000,0;457545486,0;10,75;6,41;13,73;2,5;3889000000,0;4097000000,0;457545486,0;10,75;6,41
71;Siemens Healthineers;SHL.DE;DAX 40;Salud;10,27;4,15;1652000000,0;1652000000,0;-821998571,0;19,62;13,44;8,35;3,23;2385000000,0;1281000000,0;-900391369,0;17,44;10,26;10,67;4,22;1914000000,0;2130000000,0;-429966659,0;18,88;13,41;;;;;;;;;;;;;;
72;Symrise;SY1.DE;DAX 40;Química;7,88;3,6;823204000,0;109940000,0;-214509853,0;16,9;10,61;9,38;4,34;428198000,0;449305000,0;-137506873,0;18,01;11,83;12,01;5,74;634939000,0;652067000,0;28497389,0;20,81;14,49;6,7;3,15;689480000,0;560928000,0;-223615283,0;15,79;9,68;6,7;3,15;689480000,0;560928000,0;-223615283,0;15,79;9,68
73;Volkswagen;VOW3.DE;DAX 40;Automoción;9,35;2,74;4063000000,0;5825000000,0;-13469305936,0;18,71;8,5;9,45;2,75;5528000000,0;-6439000000,0;-10892299968,0;16,85;8,3;6,23;1,79;-3078000000,0;-10295000000,0;-18331999564,0;15,89;6,24;3,89;1,14;-8881000000,0;-9337000000,0;-24124937307,0;15,53;3,9;3,89;1,14;-8881000000,0;-9337000000,0;-24124937307,0;15,53;3,9
74;Vonovia;VNA.DE;DAX 40;Inmobiliario;-2,05;-0,63;8887000000,0;2084300000,0;-7695722927,0;22,89;-0,43;-24,47;-6,83;1901200000,0;1901200000,0;-12969893641,0;-151,19;-160,08;-3,73;-0,99;2401600000,0;2401600000,0;-6416445000,0;6,87;4,61;13,55;3,99;2448300000,0;2448300000,0;-4362593000,0;74,25;64,61;13,55;3,99;2448300000,0;2448300000,0;-4362593000,0;74,25;64,61
75;Zalando;ZAL.DE;DAX 40;Consumo;0,76;0,22;108300000,0;108300000,0;-240611000,0;4,0;0,98;3,5;1,07;686300000,0;686300000,0;-162213000,0;5,64;2,35;9,42;3,15;447300000,0;447300000,0;-4673728,0;7,67;4,36;7,61;2,32;903800000,0;903800000,0;-20397000,0;6,77;3,49;7,61;2,32;903800000,0;903800000,0;-20397000,0;6,77;3,49
76;Air Liquide;AI.PA;CAC 40;Química;11,62;5,57;2537100000,0;2537100000,0;-313642563,0;21,43;13,2;12,66;6,37;2869600000,0;2869600000,0;80592103,0;24,31;15,32;12,31;6,37;2797100000,0;2797100000,0;109992488,0;26,28;17,02;13,42;6,78;2675000000,0;2675000000,0;267729737,0;27,95;18,43;13,42;6,78;2675000000,0;2675000000,0;267729737,0;27,95;18,43
77;ArcelorMittal;MT.PA;CAC 40;Acero;17,5;9,84;9858000000,0;6735000000,0;4105905677,0;17,83;14,6;1,7;0,98;1105000000,0;3032000000,0;-4169895556,0;6,81;2,89;2,72;1,5;1475000000,0;447000000,0;-2836050000,0;9,7;5,49;5,79;3,23;-403000000,0;471000000,0;-2252147773,0;11,61;6,81;5,79;3,23;-403000000,0;471000000,0;-2252147773,0;11,61;6,81
78;AXA;CS.PA;CAC 40;Seguros;10,98;0,79;10130000000,0;8307000000,0;;8,88;8,88;14,5;1,12;3323000000,0;3517000000,0;;9,26;9,26;15,79;1,21;12767000000,0;11991000000,0;;;;20,77;1,54;23674000000,0;21924000000,0;;;;20,77;1,54;23674000000,0;21924000000,0;;;
79;BNP Paribas;BNP.PA;CAC 40;Banca;8,12;0,37;-55366000000,0;-55366000000,0;;;;8,87;0,42;-36457000000,0;-36457000000,0;;;;9,12;0,43;-99512000000,0;-99512000000,0;;;;9,74;0,44;43696000000,0;43696000000,0;;;;9,74;0,44;43696000000,0;43696000000,0;;;
80;Bouygues;EN.PA;CAC 40;Construcción;7,97;1,61;248000000,0;248000000,0;-1108066624,0;10,21;4,16;8,38;1,71;2680000000,0;2680000000,0;-904448375,0;9,17;3,97;8,33;1,68;2421000000,0;2664000000,0;-934188537,0;9,5;4,08;8,73;1,77;2756000000,0;2971000000,0;-892695257,0;10,12;4,23;8,73;1,77;2756000000,0;2971000000,0;-892695257,0;10,12;4,23
81;Capgemini;CAP.PA;CAC 40;Tecnología;15,9;6,07;2213000000,0;2227000000,0;268644134,0;14,28;11,01;15,91;6,73;1239000000,0;2266000000,0;417383542,0;14,16;11,06;14,19;6,51;1610000000,0;2211000000,0;382314259,0;14,64;11,55;13,74;5,51;5142000000,0;2195000000,0;87853112,0;13,64;10,54;13,74;5,51;5142000000,0;2195000000,0;87853112,0;13,64;10,54
82;Carrefour;CA.PA;CAC 40;Distribución;12,1;2,38;4663000000,0;2337000000,0;-344639554,0;5,77;3,08;14,38;2,95;2485000000,0;2676000000,0;-1095083196,0;5,11;2,4;6,68;1,26;3924000000,0;2462000000,0;-764395903,0;5,23;2,54;2,91;0,58;2015000000,0;2425000000,0;-775389788,0;5,56;2,76;2,91;0,58;2015000000,0;2425000000,0;-775389788,0;5,56;2,76
83;Saint-Gobain;SGO.PA;CAC 40;Materiales;13,22;5,42;4128000000,0;3790000000,0;477251026,0;14,04;9,27;11,47;4,66;5750000000,0;4064000000,0;107553333,0;14,71;9,72;11,31;4,61;5536000000,0;3486000000,0;21966640,0;16,09;10,44;11,75;4,74;3378000000,0;3448000000,0;171146329,0;16,19;10,54;11,75;4,74;3378000000,0;3448000000,0;171146329,0;16,19;10,54
84;Crédit Agricole;ACA.PA;CAC 40;Banca;7,98;0,25;421000000,0;421000000,0;;;;8,93;0,29;-37397000000,0;-37397000000,0;;;;9,49;0,31;-16979000000,0;-16979000000,0;;;;9,11;0,3;17895000000,0;17895000000,0;;;;9,11;0,3;17895000000,0;17895000000,0;;;
85;Danone;BN.PA;CAC 40;Alimentación;5,35;2,12;1009000000,0;2091000000,0;-1047080000,0;14,47;7,74;5,45;1,98;1590000000,0;2595000000,0;-791070000,0;13,79;7,96;11,36;4,46;2299000000,0;2908000000,0;-40661954,0;17,41;13,15;10,79;4,05;2838000000,0;2724000000,0;-288191830,0;16,09;11,12;10,79;4,05;2838000000,0;2724000000,0;-288191830,0;16,09;11,12
86;Dassault Systèmes;DSY.PA;CAC 40;Tecnología;12,74;6,53;506800000,0;1392900000,0;38316203,0;34,29;23,5;13,41;7,19;1412100000,0;1419900000,0;197652219,0;32,19;22,53;13,24;7,72;965700000,0;1466400000,0;275787438,0;33,83;24,57;13,6;7,94;1550600000,0;1469300000,0;355474748,0;32,93;24,06;13,6;7,94;1550600000,0;1469300000,0;355474748,0;32,93;24,06
87;Engie;ENGI.PA;CAC 40;Utilities;0,63;0,09;-96000000,0;2207000000,0;-11433496209,0;8,48;-0,11;7,35;1,13;9834000000,0;5789000000,0;-4752800284,0;21,12;7,77;11,88;2,17;6139000000,0;3759000000,0;-2309342861,0;21,87;13,76;11,61;2,26;-5830000000,0;-8743000000,0;-2550398126,0;20,03;12,36;11,61;2,26;-5830000000,0;-8743000000,0;-2550398126,0;20,03;12,36
88;EssilorLuxottica;EL.PA;CAC 40;Salud;5,75;3,55;1801000000,0;3211000000,0;-1815479842,0;24,94;13,02;5,99;3,78;1804000000,0;3330000000,0;-1582290478,0;24,43;12,73;5,84;3,67;3099000000,0;3352000000,0;-1733341064,0;24,87;13,37;5,95;3,62;2288000000,0;3766000000,0;-1556345477,0;23,16;12,32;5,95;3,62;2288000000,0;3766000000,0;-1556345477,0;23,16;12,32
89;Eurofins Scientific;ERF.PA;CAC 40;Salud;12,76;6,05;1027100000,0;476100000,0;22912000,0;20,71;13,19;6,11;2,85;1016300000,0;467800000,0;-299459583,0;17,16;8,48;7,61;3,73;430800000,0;790500000,0;-186497435,0;18,74;10,15;10,45;4,32;1475000000,0;564100000,0;-97860117,0;19,75;11,12;10,45;4,32;1475000000,0;564100000,0;-97860117,0;19,75;11,12
90;Hermès;RMS.PA;CAC 40;Lujo;27,06;19,29;3666000000,0;3666000000,0;2205930097,0;46,63;40,34;28,36;21,08;3468000000,0;3469000000,0;2876316986,0;49,66;43,91;26,57;19,94;4071000000,0;4072000000,0;3072676026,0;48,35;42,79;24,01;18,6;4212000000,0;4213000000,0;2857748782,0;48,47;42,68;24,01;18,6;4212000000,0;4213000000,0;2857748782,0;48,47;42,68
91;Kering;KER.PA;CAC 40;Lujo;25,82;10,65;4388000000,0;3207000000,0;1811147420,0;34,31;26,12;19,61;7,21;7270000000,0;1848000000,0;712936678,0;32,8;23,48;7,6;2,61;2974000000,0;1400000000,0;-1141610227,0;25,48;12,96;0,49;0,17;1357000000,0;2270000000,0;-1843400000,0;21,26;7,33;0,49;0,17;1357000000,0;2270000000,0;-1843400000,0;21,26;7,33
92;Legrand;LR.PA;CAC 40;Industrial;15,06;6,93;1023600000,0;1030500000,0;124424662,0;22,5;17,89;17,08;7,74;2203500000,0;1583100000,0;272820240,0;24,25;19,85;15,49;7,26;1990800000,0;1283700000,0;202948309,0;24,41;20,02;17,06;7,07;2781400000,0;1328100000,0;199953966,0;23,92;19,61;17,06;7,07;2781400000,0;1328100000,0;199953966,0;23,92;19,61
93;L'Oréal;OR.PA;CAC 40;Consumo;21,0;12,18;7955000000,0;4935100000,0;3118939839,0;24,11;20,09;21,27;11,93;9683000000,0;6115900000,0;3411068682,0;24,15;19,98;19,34;11,37;8165800000,0;6644300000,0;3372876847,0;24,54;20,28;17,53;9,91;11196300000,0;7161600000,0;2693352153,0;24,28;20,15;17,53;9,91;11196300000,0;7161600000,0;2693352153,0;24,28;20,15
94;LVMH;MC.PA;CAC 40;Lujo;25,56;10,46;12636000000,0;12753000000,0;6782921189,0;33,75;25,88;24,87;10,56;12618000000,0;10596000000,0;7826839595,0;34,56;26,23;18,59;8,41;13292000000,0;13373000000,0;4563792169,0;31,99;22,79;16,12;7,66;12072000000,0;14205000000,0;3065857070,0;31,99;22,09;16,12;7,66;12072000000,0;14205000000,0;3065857070,0;31,99;22,09
95;Michelin;ML.PA;CAC 40;Automoción;11,69;5,66;-311000000,0;-210000000,0;167587410,0;17,31;10,51;11,04;5,63;3003000000,0;3013000000,0;95121205,0;17,24;10,15;10,12;5,04;3049000000,0;2071000000,0;-173323190,0;17,74;10,08;9,21;4,75;1945000000,0;1790000000,0;-276324889,0;17,88;10,05;9,21;4,75;1945000000,0;1790000000,0;-276324889,0;17,88;10,05
96;Orange;ORA.PA;CAC 40;Telecomunicaciones;6,75;1,96;4267000000,0;2458000000,0;-3265587851,0;34,06;12,23;7,67;2,22;5711000000,0;4092000000,0;-2689820393,0;34,53;12,27;7,4;2,26;4410000000,0;3167000000,0;-2510421497,0;33,02;13,32;1,81;0,5;11096000000,0;3313000000,0;-3887240000,0;29,56;8,68;1,81;0,5;11096000000,0;3313000000,0;-3887240000,0;29,56;8,68
97;Pernod Ricard;RI.PA;CAC 40;Consumo;12,52;5,54;2859000000,0;1788000000,0;-179342937,0;31,14;27,58;14,39;6,0;2188000000,0;1331000000,0;44899374,0;29,94;26,51;9,37;3,77;2412000000,0;954000000,0;-727786929,0;27,49;23,69;10,69;4,39;47000000,0;1121000000,0;-389723856,0;29,09;25,24;10,69;4,39;47000000,0;1121000000,0;-389723856,0;29,09;25,24
98;Publicis Groupe;PUB.PA;CAC 40;Medios;12,68;3,4;2209000000,0;2219000000,0;127666529,0;18,84;13,05;13,4;3,57;1371000000,0;1868000000,0;282735383,0;19,18;13,08;15,01;4,17;1461000000,0;2063000000,0;564970821,0;19,67;15,12;15,82;4,13;3185000000,0;2693000000,0;520818284,0;18,23;14,02;15,82;4,13;3185000000,0;2693000000,0;520818284,0;18,23;14,02
99;Renault;RNO.PA;CAC 40;Automoción;-1,22;-0,3;2751000000,0;929000000,0;-1736869023,0;13,02;5,39;7,39;1,8;228000000,0;1398000000,0;-903216772,0;12,21;6,12;2,48;0,58;2533000000,0;4111000000,0;-1987610000,0;9,07;3,41;-52,58;-9,03;-1612000000,0;-705000000,0;-11979031060,0;-9,74;-17,05;-52,58;-9,03;-1612000000,0;-705000000,0;-11979031060,0;-9,74;-17,05
100;Safran;SAF.PA;CAC 40;Aeroespacial;-23,62;-5,25;2522000000,0;2666000000,0;-3896403590,0;-7,2;-15,47;29,75;6,82;2651000000,0;2945000000,0;2057217897,0;27,03;20,75;-6,55;-1,21;2382000000,0;3189000000,0;-1894409593,0;2,44;-2,63;48,37;11,61;3727000000,0;3921000000,0;5739144400,0;38,1;33,36;48,37;11,61;3727000000,0;3921000000,0;5739144400,0;38,1;33,36
101;Sanofi;SAN.PA;CAC 40;Salud;11,19;6,61;6974000000,0;8423000000,0;183828713,0;33,31;25,65;7,29;4,27;3464000000,0;7352000000,0;-2408172222,0;27,21;16,56;7,17;4,19;4933000000,0;5886000000,0;-2219427626,0;24,81;16,71;10,95;6,16;9816000000,0;7212000000,0;-2224535709,0;26,71;14,56;10,95;6,16;9816000000,0;7212000000,0;-2224535709,0;26,71;14,56
102;Schneider Electric;SU.PA;CAC 40;Industrial;13,67;5,96;3667000000,0;3261000000,0;625065045,0;18,62;14,28;15,13;6,8;7691000000,0;4542000000,0;1049277557,0;20,29;16,23;14,0;6,47;4905000000,0;4161000000,0;1303286291,0;21,13;17,1;17,2;6,66;7142000000,0;4588000000,0;1618024078,0;20,85;16,74;17,2;6,66;7142000000,0;4588000000,0;1618024078,0;20,85;16,74
103;Société Générale;GLE.PA;CAC 40;Banca;2,73;0,12;29502000000,0;29502000000,0;;;;3,78;0,16;25556000000,0;25556000000,0;;;;5,98;0,27;-21531000000,0;-21531000000,0;;;;8,56;0,39;-29009000000,0;-29009000000,0;;;;8,56;0,39;-29009000000,0;-29009000000,0;;;
104;Stellantis;STLAM.MI;CAC 40;Automoción;23,33;9,02;10945000000,0;10945000000,0;8251748778,0;15,31;11,52;22,76;9,2;7547000000,0;7761000000,0;9474931452,0;16,51;12,53;6,7;2,64;-4881000000,0;-9525000000,0;-7088739524,0;8,15;3,54;-41,77;-11,46;-4754000000,0;-13792000000,0;-30406178748,0;-11,82;-16,37;-41,77;-11,46;-4754000000,0;-13792000000,0;-30406178748,0;-11,82;-16,37
105;STMicroelectronics;STMPA.PA;CAC 40;Semiconductores;31,2;19,82;1632000000,0;1566000000,0;2685893090,0;35,44;27,9;25,17;17,22;1616000000,0;1456000000,0;2612912887,0;36,9;27,87;8,92;6,29;-119000000,0;-216000000,0;-41766667,0;28,06;14,79;0,93;0,67;-1041000000,0;-52000000,0;-1374670000,0;19,57;3,86;0,93;0,67;-1041000000,0;-52000000,0;-1374670000,0;19,57;3,86
106;Teleperformance;TEP.PA;CAC 40;Tecnología;17,52;7,23;914000000,0;996000000,0;183818198,0;19,95;12,21;14,04;4,91;1142000000,0;1142000000,0;-43145366,0;19,29;11,64;11,48;4,33;1594000000,0;1594000000,0;-17481289,0;18,56;10,98;12,13;4,33;1361000000,0;1361000000,0;-6811756,0;17,55;10,31;12,13;4,33;1361000000,0;1361000000,0;-6811756,0;17,55;10,31
107;Thales;HO.PA;CAC 40;Defensa;15,62;3,26;1794600000,0;2490800000,0;114621497,0;14,29;8,26;14,98;2,64;3631800000,0;885800000,0;-55105756,0;13,33;7,66;18,89;3,55;1017800000,0;2014700000,0;52316988,0;12,99;7,37;21,01;4,28;737100000,0;2565100000,0;758305291,0;15,41;10,5;21,01;4,28;737100000,0;2565100000,0;758305291,0;15,41;10,5
108;TotalEnergies;TTE.PA;CAC 40;Energía;18,37;6,75;32446000000,0;31677000000,0;18494620000,0;22,42;17,23;18,32;7,54;21692000000,0;22957000000,0;7250836209,0;23,19;16,88;13,37;5,52;22706000000,0;15945000000,0;6075340000,0;21,61;14,91;11,43;4,51;16929000000,0;10390000000,0;2875890000,0;21,31;13,71;11,43;4,51;16929000000,0;10390000000,0;2875890000,0;21,31;13,71
109;Unibail-Rodamco;URW.PA;CAC 40;Inmobiliario;0,93;0,33;561200000,0;1531400000,0;-3276607023,0;36,14;35,64;-9,47;-3,04;2515600000,0;875500000,0;-4752635397,0;-23,76;-25,37;0,83;0,27;-80800000,0;881900000,0;-2802977780,0;49,96;46,04;7,16;2,55;-2725700000,0;1151600000,0;-1548804008,0;89,07;88,2;7,16;2,55;-2725700000,0;1151600000,0;-1548804008,0;89,07;88,2
110;Veolia;VIE.PA;CAC 40;Utilities;5,84;0,98;2877000000,0;4148000000,0;-1982328877,0;12,46;5,01;7,61;1,29;5604000000,0;5005000000,0;-1451807940,0;12,65;5,92;8,5;1,5;5660000000,0;5038000000,0;-1168762384,0;13,47;6,77;11,21;1,72;8225000000,0;5153000000,0;-858821618,0;14,14;7,21;11,21;1,72;8225000000,0;5153000000,0;-858821618,0;14,14;7,21
111;Vinci;DG.PA;CAC 40;Construcción;16,42;3,8;5019000000,0;5886000000,0;124920000,0;16,92;11,14;16,73;3,97;8033000000,0;7208000000,0;688300000,0;17,16;11,72;16,24;3,76;9786000000,0;7662000000,0;325540586,0;17,57;12,07;15,94;3,68;9349000000,0;8013000000,0;1087060000,0;18,04;12,48;15,94;3,68;9349000000,0;8013000000,0;1087060000,0;18,04;12,48
112;Vivendi;VIV.PA;CAC 40;Medios;-5,82;-3,23;-334000000,0;363000000,0;-2178964672,0;1,22;-5,0;2,37;1,06;334000000,0;946000000,0;-1671178605,0;105,45;88,78;-130,75;-75,72;1784000000,0;1837000000,0;-642923333,0;34,01;-30,64;0,43;0,29;-1011000000,0;-68000000,0;-300834286,0;54,4;38,11;0,43;0,29;-1011000000,0;-68000000,0;-300834286,0;54,4;38,11
113;Worldline;WLN.PA;CAC 40;Fintech;3,19;1,37;128000000,0;745000000,0;-937708045,0;13,61;7,73;-9,53;-3,76;164300000,0;458900000,0;-1898548487,0;-12,5;-18,97;-3,6;-1,53;-112900000,0;339900000,0;-1306527621,0;0,53;-7,24;-158,59;-39,23;-72900000,0;206300000,0;-5624547970,0;-118,64;-127,4;-158,59;-39,23;-72900000,0;206300000,0;-5624547970,0;-118,64;-127,4
114;bioMérieux;BIM.PA;CAC 40;Salud;12,55;8,72;202700000,0;188400000,0;119070491,0;23,2;16,29;9,53;6,8;72300000,0;107100000,0;936914,0;19,38;12,34;10,28;7,49;246700000,0;321500000,0;65890305,0;22,55;14,96;9,69;7,13;423500000,0;453100000,0;48028895,0;20,85;13,31;9,69;7,13;423500000,0;453100000,0;48028895,0;20,85;13,31
115;AstraZeneca;AZN.L;FTSE 100;Salud;8,88;3,41;5966000000,0;7237000000,0;-2997375530,0;20,48;8,64;15,21;5,89;5441000000,0;6567000000,0;1687796805,0;29,3;18,53;17,25;6,76;9115000000,0;7275000000,0;2310149658,0;28,55;19,18;21,01;8,96;6656000000,0;8670000000,0;4888165689,0;33,21;23,86;21,01;8,96;6656000000,0;8670000000,0;4888165689,0;33,21;23,86
116;HSBC Holdings;HSBA.L;FTSE 100;Banca;8,75;0,53;20469000000,0;14946000000,0;;;;12,7;0,77;38506000000,0;35416000000,0;;;;12,96;0,79;63780000000,0;61419000000,0;;;;11,24;0,69;25348000000,0;25105000000,0;;;;11,24;0,69;25348000000,0;25105000000,0;;;
117;Shell;SHEL.L;FTSE 100;Energía;22,21;9,55;37624000000,0;45814000000,0;20673246415,0;24,27;18,4;10,37;4,77;21577000000,0;31198000000,0;-2442957627,0;19,06;11,77;9,03;4,15;25777000000,0;35086000000,0;2679000000,0;20,22;12,23;10,23;4,82;15030000000,0;23916000000,0;-2028914027,0;21,23;12,93;10,23;4,82;15030000000,0;23916000000,0;-2028914027,0;21,23;12,93
118;Unilever;ULVR.L;FTSE 100;Consumo;40,18;9,82;4909000000,0;5573000000,0;4708634203,0;21,76;18,52;35,84;8,62;9058000000,0;7991000000,0;3230989053,0;20,76;18,54;28,73;7,2;7905000000,0;7905000000,0;2398417766,0;20,47;17,85;60,97;13,44;6759000000,0;6759000000,0;3091908552,0;22,07;19,39;60,97;13,44;6759000000,0;6759000000,0;3091908552,0;22,07;19,39
119;BP;BP.L;FTSE 100;Energía;-3,68;-0,86;19179000000,0;28863000000,0;-1607160000,0;13,4;7,47;21,68;5,44;21420000000,0;17754000000,0;2901012139,0;20,7;13,12;0,64;0,13;19686000000,0;12000000000,0;-7478210000,0;14,79;6,01;0,1;0,02;8301000000,0;11272000000,0;-6180100000,0;16,21;6,8;0,1;0,02;8301000000,0;11272000000,0;-6180100000,0;16,21;6,8
120;Rio Tinto;RIO.L;FTSE 100;Minería;24,47;12,81;8915000000,0;9384000000,0;7538280990,0;45,97;36,95;18,43;9,71;9597000000,0;8074000000,0;4101506652,0;39,0;29,13;20,91;11,24;5379000000,0;5978000000,0;5497991700,0;43,17;32,14;16,02;7,78;12327000000,0;4497000000,0;2481993226,0;39,86;28,45;16,02;7,78;12327000000,0;4497000000,0;2481993226,0;39,86;28,45
121;GSK;GSK.L;FTSE 100;Salud;141,12;24,87;523000000,0;5145000000,0;2656356318,0;29,33;22,01;36,92;8,35;2054000000,0;4424000000,0;2907654116,0;29,95;22,39;18,84;4,33;2406000000,0;3572000000,0;472900903,0;21,25;13,12;34,9;9,35;6262000000,0;4756000000,0;3694618273,0;31,84;24,76;34,9;9,35;6262000000,0;4756000000,0;3694618273,0;31,84;24,76
122;BHP Group;BHP.L;FTSE 100;Minería;71,01;32,47;24125000000,0;26319000000,0;16912210909,0;61,39;52,66;30,01;12,76;16861000000,0;11968000000,0;9182116899,0;53,16;43,76;18,21;7,71;9613000000,0;11849000000,0;6627220000,0;42,27;32,75;19,51;8,29;11748000000,0;9294000000,0;4828716654,0;50,27;39,46;19,51;8,29;11748000000,0;9294000000,0;4828716654,0;50,27;39,46
123;Diageo;DGE.L;FTSE 100;Consumo;45,36;9,69;4772000000,0;3756000000,0;2616625083,0;39,43;34,24;45,1;9,9;3175000000,0;2219000000,0;2410767919,0;38,38;32,07;38,58;8,51;3047000000,0;2595000000,0;2182766154,0;34,96;32,53;21,23;4,77;3583000000,0;2685000000,0;241383206,0;31,41;22,92;21,23;4,77;3583000000,0;2685000000,0;241383206,0;31,41;22,92
124;Vodafone;VOD.L;FTSE 100;Telecomunicaciones;;;;;;;;18,67;7,61;3868000000,0;10298000000,0;5111500688,0;68,45;41,23;1,9;0,79;2260000000,0;9697000000,0;-4973214815,0;40,26;11,9;-7,9;-3,24;391000000,0;8674000000,0;-7853860000,0;31,01;2,16;-0,78;-0,31;1130000000,0;6973000000,0;-5239090000,0;41,44;10,66
125;Rolls-Royce;RR.L;FTSE 100;Aeroespacial;20,98;-4,31;-1095000000,0;928000000,0;-2163895553,0;-1,53;-8,57;-65,53;7,65;1773000000,0;1772000000,0;1442623090,0;22,71;16,96;-276,43;7,06;2428000000,0;2896000000,0;791649705,0;18,42;13,73;214,27;15,32;2830000000,0;3580000000,0;4583901601,0;38,38;34,13;214,27;15,32;2830000000,0;3580000000,0;4583901601,0;38,38;34,13
126;BAE Systems;BA.L;FTSE 100;Defensa;14,19;5,06;1746000000,0;2146000000,0;202258462,0;14,39;10,8;17,59;5,79;2965000000,0;2803000000,0;533062906,0;14,94;11,55;16,84;5,13;5901000000,0;2762000000,0;462743997,0;15,1;10,97;17,5;5,47;1767000000,0;2329000000,0;542422333,0;14,95;10,86;17,5;5,47;1767000000,0;2329000000,0;542422333,0;14,95;10,86
127;Lloyds Banking Group;LLOY.L;FTSE 100;Banca;8,76;0,44;16778000000,0;18156000000,0;;;;11,58;0,62;1027000000,0;1355000000,0;;;;9,67;0,49;-10023000000,0;-10016000000,0;;;;9,77;0,49;-793000000,0;-622000000,0;;;;9,77;0,49;-793000000,0;-622000000,0;;;
128;Barclays;BARC.L;FTSE 100;Banca;8,68;0,39;32087000000,0;28485000000,0;;;;7,39;0,36;223000000,0;-2645000000,0;;;;8,78;0,42;11934000000,0;5539000000,0;;;;9,22;0,46;23792000000,0;16880000000,0;;;;9,22;0,46;23792000000,0;16880000000,0;;;
129;NatWest Group;NWG.L;FTSE 100;Banca;9,84;0,5;-49295000000,0;-44979000000,0;;;;12,48;0,67;-19895000000,0;-18993000000,0;;;;12,2;0,68;3278000000,0;694000000,0;;;;13,69;0,82;7305000000,0;5790000000,0;;;;13,69;0,82;7305000000,0;5790000000,0;;;
130;Anglo American;AAL.L;FTSE 100;Minería;16,52;6,7;5847000000,0;3445000000,0;1798848608,0;35,43;28,46;1,13;0,43;1897000000,0;484000000,0;-1136370000,0;23,72;14,96;-14,78;-4,73;5961000000,0;4048000000,0;-4855100000,0;9,07;-3,26;-20,81;-6,68;-1486000000,0;2131000000,0;-2510530000,0;21,82;9,41;-20,81;-6,68;-1486000000,0;2131000000,0;-2510530000,0;21,82;9,41
131;Glencore;GLEN.L;FTSE 100;Minería;35,05;13,06;6222000000,0;9482000000,0;11456030764,0;12,36;9,63;9,82;3,46;8983000000,0;6552000000,0;-2280000,0;6,39;3,64;-4,02;-1,25;10022000000,0;4444000000,0;-5017830000,0;3,69;0,83;0,93;0,26;2062000000,0;-290000000,0;-3653470000,0;4,18;1,44;0,93;0,26;2062000000,0;-290000000,0;-3653470000,0;4,18;1,44
132;Compass Group;CPG.L;FTSE 100;Servicios;18,98;5,94;1694025684,0;1269681742,0;305708821,0;8,26;6,24;25,66;7,48;1286000000,0;1828000000,0;805666598,0;7,99;6,22;20,56;5,77;2023000000,0;2234000000,0;481601673,0;7,39;5,62;24,41;6,99;3004000000,0;2474000000,0;871015480,0;8,28;6,43;24,41;6,99;3004000000,0;2474000000,0;871015480,0;8,28;6,43
133;Relx;REL.L;FTSE 100;Medios;43,27;10,32;2327000000,0;1965000000,0;921209806,0;35,17;26,83;51,47;11,94;1784000000,0;1980000000,0;1267565490,0;36,15;28,33;55,56;12,78;1818000000,0;2124000000,0;1404434728,0;37,57;30,08;87,28;13,99;2815000000,0;2311000000,0;1583808727,0;38,44;31,52;87,28;13,99;2815000000,0;2311000000,0;1583808727,0;38,44;31,52
134;Haleon;HLN.L;FTSE 100;Salud;6,49;3,04;11221000000,0;1735000000,0;-1124336712,0;20,1;17,46;6,32;3,08;1211000000,0;1764000000,0;-959672973,0;20,8;18,07;8,92;4,2;2635000000,0;1983000000,0;-500972984,0;23,4;20,51;10,15;5,11;915000000,0;2221000000,0;-264867807,0;25,92;22,66;10,15;5,11;915000000,0;2221000000,0;-264867807,0;25,92;22,66
135;Prudential;PRU.L;FTSE 100;Seguros;-6,02;-0,63;-685000000,0;1044000000,0;;2,09;2,09;9,54;0,98;395000000,0;788000000,0;;11,85;11,85;13,06;1,26;3508000000,0;3508000000,0;;19,27;19,27;19,77;1,87;2808000000,0;2346000000,0;;18,71;18,71;19,77;1,87;2808000000,0;2346000000,0;;18,71;18,71
136;Standard Chartered;STAN.L;FTSE 100;Banca;5,94;0,36;29744000000,0;26778000000,0;;;;6,94;0,42;-197000000,0;-6845000000,0;;;;7,96;0,48;-23556000000,0;-21898000000,0;;;;9,4;0,55;35529000000,0;35484000000,0;;;;9,4;0,55;35529000000,0;35484000000,0;;;
137;Flutter Entertainment;FLTR.L;FTSE 100;Ocio;-3,34;-1,46;2780000000,0;734000000,0;-1707237966,0;10,56;-0,8;-12,19;-4,97;516000000,0;335000000,0;-2197016059,0;5,29;-5,61;1,17;0,44;677000000,0;941000000,0;-1213940000,0;11,41;3,6;-4,2;-1,3;5631000000,0;407000000,0;-1588710000,0;12,11;2,85;-4,2;-1,3;5631000000,0;407000000,0;-1588710000,0;12,11;2,85
138;Reckitt Benckiser;RKT.L;FTSE 100;Consumo;24,67;8,11;421000000,0;1954000000,0;902905328,0;27,01;22,83;19,45;6,05;1970000000,0;2187000000,0;356251628,0;21,77;18,55;21,29;5,64;2298000000,0;2217000000,0;311079087,0;20,88;17,62;41,08;12,69;1457000000,0;1682000000,0;2082574330,0;33,51;30,0;41,08;12,69;1457000000,0;1682000000,0;2082574330,0;33,51;30,0
139;BT Group;BT-A.L;FTSE 100;Telecomunicaciones;;;;;;;;13,13;3,61;3107000000,0;1417000000,0;-1003162059,0;35,72;12,84;6,83;1,65;1550000000,0;984000000,0;-1668911872,0;34,28;11,24;8,17;2,07;2509000000,0;2052000000,0;-1211758501,0;36,69;12,71;8,57;2,16;1357000000,0;1861000000,0;-1327360000,0;38,25;13,55
140;Marks & Spencer;MKS.L;FTSE 100;Distribución;;;;;;;;13,58;3,99;619600000,0;619600000,0;3600760,0;10,02;5,63;15,9;4,97;872400000,0;872400000,0;41871346,0;10,53;6,49;10,48;3,35;806100000,0;806100000,0;24088000,0;8,83;4,9;8,49;2,56;548900000,0;548900000,0;-207212434,0;7,0;3,24
141;Legal & General;LGEN.L;FTSE 100;Seguros;14,08;0,15;20485000000,0;20277000000,0;;-1,22;-1,22;9,47;0,09;-13799000000,0;-14481000000,0;;1,29;1,29;5,38;0,04;-2689000000,0;-4541000000,0;;2,48;2,48;25,93;0,1;3380000000,0;4497000000,0;;2,31;2,31;25,93;0,1;3380000000,0;4497000000,0;;2,31;2,31
142;Aviva;AV.L;FTSE 100;Seguros;-10,61;-0,34;14889000000,0;15784000000,0;;4,54;5,56;11,69;0,33;-3322000000,0;-3082000000,0;;5,01;4,55;8,22;0,19;7512000000,0;8272000000,0;;3,97;3,49;9,67;0,26;-3126000000,0;-2754000000,0;;3,58;3,17;9,67;0,26;-3126000000,0;-2754000000,0;;3,58;3,17
143;National Grid;NG.L;FTSE 100;Utilities;;;;;;;;26,4;8,41;-3346000000,0;6000000,0;-2701298719,0;33,49;24,33;7,67;2,33;3348000000,0;-514000000,0;-3484634921,0;34,42;24,04;7,68;2,72;-2122000000,0;-2498000000,0;-3457806027,0;43,2;29,71;8,25;2,99;-1535000000,0;-2746000000,0;-3356976098,0;45,67;32,97
144;Tesco;TSCO.L;FTSE 100;Distribución;;;;;;;;6,02;1,61;1763000000,0;2472000000,0;-1121449524,0;4,94;2,34;10,18;2,53;2910000000,0;2453000000,0;265172110,0;7,08;4,55;13,94;4,18;1078000000,0;1380000000,0;158894808,0;6,81;4,28;15,59;4,53;2356000000,0;2240000000,0;337602247,0;6,86;4,29
145;WPP;WPP.L;FTSE 100;Medios;18,56;2,37;256000000,0;477000000,0;125713138,0;14,08;10,53;3,26;0,41;926000000,0;1021000000,0;-274190000,0;12,87;4,95;15,6;2,12;1131000000,0;1172000000,0;83966402,0;13,17;9,82;-8,46;-0,89;968000000,0;538000000,0;-376950000,0;6,86;3,56;-8,46;-0,89;968000000,0;538000000,0;-376950000,0;6,86;3,56
146;Entain;ENT.L;FTSE 100;Ocio;0,77;0,28;994800000,0;428200000,0;-414131000,0;12,73;4,47;-40,94;-8,56;539200000,0;187500000,0;-1298763577,0;-0,94;-12,6;-29,29;-4,46;556800000,0;281000000,0;-725654923,0;10,9;-1,51;-74,92;-7,1;347200000,0;214700000,0;-783457943,0;6,06;-5,56;-74,92;-7,1;347200000,0;214700000,0;-783457943,0;6,06;-5,56
147;Taylor Wimpey;TW.L;FTSE 100;Construcción;14,3;9,93;475400000,0;475400000,0;250927065,0;19,6;19,28;7,72;5,58;122700000,0;122700000,0;-42330418,0;14,57;14,2;4,99;3,49;161500000,0;161500000,0;-164378922,0;10,64;10,22;2,4;1,66;126500000,0;126500000,0;-260946512,0;5,3;4,89;2,4;1,66;126500000,0;126500000,0;-260946512,0;5,3;4,89
148;Assoc. British Foods;ABF.L;FTSE 100;Alimentación;;;;;;;;9,41;5,54;568000000,0;581000000,0;54853731,0;12,54;8,05;13,01;7,65;1706000000,0;1690000000,0;457682546,0;15,6;10,88;9,27;5,31;999000000,0;997000000,0;11628988,0;13,64;8,56;9,27;5,31;999000000,0;997000000,0;11628988,0;13,64;8,56
149;Burberry;BRBY.L;FTSE 100;Lujo;;;;;;;;31,96;13,29;;;292152934,0;32,81;21,69;23,54;8,01;;;108168877,0;27,49;14,72;-8,21;-2,19;;;-172325455,0;17,39;0,61;2,23;0,68;145000000,0;370000000,0;-85670000,0;20,91;5,41
150;Smith & Nephew;SN.L;FTSE 100;Salud;4,24;2,24;-286000000,0;110000000,0;-350726809,0;16,76;6,25;5,04;2,63;356000000,0;181000000,0;-228221379,0;17,23;7,73;7,83;3,98;901000000,0;606000000,0;-154852048,0;21,02;11,46;11,82;5,98;766000000,0;852000000,0;59653607,0;24,85;15,54;11,82;5,98;766000000,0;852000000,0;59653607,0;24,85;15,54
151;Rightmove;RMV.L;FTSE 100;Tecnología;287,08;192,3;195243000,0;195243000,0;189763134,0;73,99;72,61;287,14;189,9;203365000,0;203365000,0;193282676,0;72,73;71,36;238,32;162,63;202192000,0;202192000,0;185961109,0;67,85;66,31;263,76;169,34;226120000,0;226120000,0;210132401,0;70,19;68,23;263,76;169,34;226120000,0;226120000,0;210132401,0;70,19;68,23
152;InterContinental Hotels;IHG.L;FTSE 100;Hoteles;-23,22;8,89;338000000,0;547000000,0;246491852,0;20,94;16,98;-38,46;15,58;1468000000,0;811000000,0;607734257,0;27,05;23,81;-27,16;13,23;933000000,0;646000000,0;544522631,0;25,29;22,34;-27,65;14,18;1408000000,0;821000000,0;637207263,0;27,27;24,46;-27,65;14,18;1408000000,0;821000000,0;637207263,0;27,27;24,46
153;Coca-Cola HBC;CCH.L;FTSE 100;Bebidas;12,66;4,21;1002600000,0;711200000,0;-80469968,0;12,03;7,63;20,58;6,44;822700000,0;776000000,0;213286846,0;13,58;9,79;25,6;7,7;1293200000,0;776500000,0;367956812,0;15,1;11,61;24,46;8,11;638500000,0;760900000,0;436316335,0;16,02;12,35;24,46;8,11;638500000,0;760900000,0;436316335,0;16,02;12,35
154;ASML Holding;ASML.AS;Euro Stoxx 50;Semiconductores;63,83;15,49;7146900000,0;7167500000,0;4072522015,0;33,54;30,78;58,27;19,62;3492200000,0;3247200000,0;5881639196,0;36,2;33,51;40,98;15,58;9079900000,0;9083100000,0;5211123532,0;35,82;32,57;49,0;19,0;10714800000,0;11027300000,0;7385901733,0;38,42;35,28;49,0;19,0;10714800000,0;11027300000,0;7385901733,0;38,42;35,28
155;Adyen;ADYEN.AS;Euro Stoxx 50;Fintech;23,35;7,4;1922060000,0;1922060000,0;362391840,0;8,9;8,19;22,16;7,3;1800297000,0;1800297000,0;435250875,0;55,43;50,84;21,86;8,1;1603527000,0;1603527000,0;592722947,0;61,01;56,32;20,1;8,67;904629000,0;904629000,0;639982514,0;58,54;53,41;20,1;8,67;904629000,0;904629000,0;639982514,0;58,54;53,41
156;ING Group;INGA.AS;Euro Stoxx 50;Banca;7,36;0,38;-1883000000,0;-11343000000,0;;;;14,22;0,75;13316000000,0;-11586000000,0;;;;12,7;0,63;-9807000000,0;-22876000000,0;;;;12,73;0,6;9102000000,0;-6731000000,0;;;;12,73;0,6;9102000000,0;-6731000000,0;;;
157;Prosus;PRX.AS;Euro Stoxx 50;Tecnología;37,15;26,26;7098000000,0;-847000000,0;13583844205,0;367,07;363,85;22,68;15,54;-335000000,0;-383000000,0;5411779555,0;211,83;208,41;16,01;10,69;938000000,0;978000000,0;2828067318,0;141,72;138,61;24,23;17,04;1881000000,0;1814000000,0;7726685640,0;216,66;214,29;24,23;17,04;1881000000,0;1814000000,0;7726685640,0;216,66;214,29
158;Enel;ENEL.MI;Euro Stoxx 50;Utilities;5,87;0,76;7827000000,0;-4593000000,0;-3058050000,0;19,59;11,01;10,83;1,76;-2133000000,0;1852000000,0;-4051172265,0;23,5;13,25;20,8;3,75;-2047000000,0;3057000000,0;-367255966,0;31,16;21,7;13,18;2,36;5597000000,0;4295000000,0;-3005158617,0;30,71;16,66;13,18;2,36;5597000000,0;4295000000,0;-3005158617,0;30,71;16,66
159;Intesa Sanpaolo;ISP.MI;Euro Stoxx 50;Banca;7,17;0,45;100428000000,0;100428000000,0;;;;12,08;0,8;-18993000000,0;-18993000000,0;;;;13,3;0,93;-41856000000,0;-41856000000,0;;;;14,29;0,97;6585000000,0;6585000000,0;;;;14,29;0,97;6585000000,0;6585000000,0;;;
160;UniCredit;UCG.MI;Euro Stoxx 50;Banca;10,2;0,75;9094000000,0;9094000000,0;;;;14,84;1,21;-42280000000,0;-42280000000,0;;;;15,57;1,24;-8816000000,0;-8816000000,0;;;;16,12;1,25;7259000000,0;7259000000,0;;;;16,12;1,25;7259000000,0;7259000000,0;;;
